image_id,categories
10,[124]
12,[21]
14,[48]
17,[]
18,[184]
22,[]
23,"[16, 18, 183]"
25,"[16, 18, 183]"
33,[]
35,[30]
36,[30]
40,[29]
53,[]
54,[]
66,[]
80,[154]
107,[29]
109,[]
110,[]
114,[]
118,[23]
125,"[21, 46]"
141,[58]
142,[]
144,"[21, 27]"
149,"[10, 57]"
150,[27]
153,[21]
155,[5]
158,"[6, 7]"
162,[]
167,[]
169,[]
172,[131]
173,[131]
175,[14]
179,[14]
191,"[14, 154]"
198,"[23, 25]"
208,"[1, 51]"
213,[43]
225,[]
226,[4]
227,[4]
237,[154]
240,[]
243,[]
244,[67]
250,[]
259,[26]
260,[9]
261,[9]
267,[11]
268,[11]
270,[]
282,[]
295,[14]
306,[16]
307,[]
309,[]
317,[]
318,[26]
320,[179]
327,[4]
331,[26]
332,[172]
340,[185]
343,"[16, 24]"
351,"[173, 177]"
359,[4]
362,"[25, 27]"
368,[14]
372,[47]
379,[]
380,[]
382,[]
385,[]
390,[]
404,[]
407,[169]
409,[]
415,[]
422,[20]
426,[]
429,[]
430,[]
431,[]
433,[43]
435,[]
436,[154]
441,[197]
442,[]
443,[]
450,[]
464,[18]
467,[154]
472,[154]
475,[50]
477,[]
483,[]
493,[15]
495,[]
496,[]
512,[]
513,[]
514,[]
517,[]
519,[]
524,[26]
534,[14]
536,[]
539,[]
541,[]
542,[]
560,[183]
562,[14]
565,[23]
567,[23]
581,[]
582,[6]
589,[]
597,"[27, 173]"
598,"[21, 124]"
599,[21]
603,[139]
608,"[46, 174]"
610,[131]
638,[16]
642,[]
646,[]
654,[22]
655,[4]
656,[44]
671,[]
698,[]
702,[16]
712,[]
714,[]
720,[124]
724,[25]
725,[25]
736,[]
743,[181]
747,[7]
760,"[6, 15]"
761,"[6, 22]"
764,[]
767,[]
770,[25]
771,[25]
782,[]
783,[7]
791,[]
798,[]
799,[]
812,[5]
821,"[14, 149]"
822,[28]
826,[]
829,"[14, 185]"
832,[8]
840,[179]
841,[]
844,"[24, 43]"
856,"[14, 185]"
861,[154]
880,[16]
884,[]
888,[]
893,"[67, 178]"
895,[29]
898,[]
909,[7]
918,"[59, 194]"
922,[18]
923,[15]
934,[]
936,[18]
938,[]
939,[]
951,[26]
955,[14]
956,[11]
962,[]
966,[]
968,[]
972,[19]
984,[]
993,[]
994,[]
997,[8]
1003,[6]
1010,[29]
1016,"[14, 43]"
1020,[]
1022,[11]
1023,[]
1034,[43]
1037,[]
1038,[43]
1056,"[14, 185]"
1064,[37]
1069,[7]
1070,[7]
1071,[7]
1072,[124]
1075,[14]
1077,"[14, 59, 70]"
1079,[]
1083,[]
1093,[190]
1094,[]
1097,"[6, 131]"
1099,[11]
1102,[28]
1104,"[28, 127]"
1107,[27]
1110,"[60, 176]"
1113,[120]
1128,[6]
1130,[27]
1131,[]
1135,[27]
1137,"[27, 124]"
1145,"[4, 7]"
1147,"[23, 173, 179]"
1149,"[25, 120]"
1159,"[17, 23]"
1161,[123]
1167,"[17, 23]"
1170,[26]
1176,[23]
1212,"[1, 6]"
1213,[]
1218,[]
1241,"[54, 186]"
1248,[]
1256,"[18, 20]"
1257,[20]
1264,[]
1275,"[131, 173, 176]"
1279,[]
1286,[]
1288,[]
1290,[29]
1299,[172]
1312,[]
1317,[]
1318,[]
1321,[]
1322,[]
1326,[]
1327,[43]
1328,[16]
1329,[173]
1330,[44]
1334,[32]
1349,[5]
1353,[29]
1355,[]
1360,[]
1369,[37]
1377,"[6, 15]"
1383,[124]
1384,[5]
1403,[44]
1405,"[124, 190, 199]"
1410,[25]
1427,[]
1430,"[30, 197]"
1431,[30]
1435,[]
1440,[14]
1442,"[10, 173]"
1465,[7]
1467,[6]
1469,[6]
1471,"[32, 149]"
1475,[4]
1478,[]
1479,[22]
1480,[]
1488,[]
1495,[]
1500,[25]
1505,[14]
1510,[]
1519,[18]
1524,"[4, 12]"
1532,[]
1534,[]
1536,[24]
1540,[14]
1542,[173]
1556,"[29, 124, 170]"
1559,[]
1568,"[13, 15, 190]"
1569,[]
1570,"[173, 187]"
1575,[7]
1579,[173]
1580,[173]
1582,[172]
1586,[117]
1588,[]
1597,[]
1609,[]
1610,[]
1618,[]
1620,"[51, 169, 183]"
1624,"[51, 170, 184]"
1633,[]
1642,[7]
1646,"[7, 51, 126]"
1653,[]
1654,[]
1662,[]
1666,[]
1696,[]
1697,"[17, 190]"
1705,[52]
1706,[52]
1707,"[23, 52, 169, 170]"
1714,[]
1718,[26]
1729,[18]
1748,[6]
1754,[193]
1756,[]
1764,[4]
1765,"[5, 43]"
1766,[]
1767,[]
1781,[]
1783,[7]
1808,[25]
1812,[4]
1821,[43]
1847,"[7, 43]"
1848,[]
1851,[]
1860,"[68, 124]"
1863,"[26, 30]"
1868,[]
1875,[]
1876,[13]
1883,[18]
1887,[]
1888,[58]
1894,[16]
1915,[]
1920,[27]
1922,[27]
1937,[181]
1939,[6]
1944,[173]
1952,[]
1955,[11]
1956,[29]
1962,[]
1975,"[173, 190]"
1976,[]
1978,[]
1995,[51]
2019,[7]
2025,[14]
2026,[]
2028,[79]
2029,[14]
2032,[]
2039,[6]
2056,"[11, 182, 183]"
2058,[]
2061,[5]
2067,[]
2072,[]
2081,[]
2091,[]
2102,[26]
2111,[]
2113,[24]
2115,"[4, 123]"
2116,[4]
2132,[18]
2134,[25]
2135,[31]
2161,[22]
2168,[]
2173,"[10, 123]"
2181,[6]
2183,[9]
2185,[]
2191,[]
2192,[4]
2196,[]
2197,[]
2199,[16]
2207,[]
2213,"[16, 196]"
2221,[26]
2232,[32]
2246,[]
2247,[]
2251,"[24, 43]"
2260,[]
2266,[14]
2273,"[44, 154]"
2277,[6]
2279,[]
2283,"[6, 131]"
2284,"[6, 67]"
2288,[]
2290,[]
2308,[]
2315,[]
2332,[]
2344,[7]
2347,[4]
2358,[56]
2364,[]
2370,[9]
2377,[]
2380,[]
2389,[]
2392,"[22, 26]"
2398,[]
2401,[]
2403,[]
2406,[7]
2418,[]
2432,"[6, 43]"
2437,[]
2438,"[185, 197]"
2443,[]
2444,[13]
2455,[25]
2456,[23]
2462,[]
2464,[6]
2472,[14]
2478,[]
2483,[173]
2485,"[7, 53, 173]"
2486,[]
2488,[]
2494,[]
2498,"[10, 18]"
2510,"[7, 170]"
2514,[]
2516,[]
2522,[52]
2531,[]
2532,[169]
2534,"[173, 196]"
2535,"[11, 123, 196]"
2538,[]
2562,[15]
2566,[13]
2575,[]
2587,[]
2588,[]
2597,[50]
2600,[14]
2601,[]
2607,[11]
2608,[44]
2609,[44]
2610,[]
2620,[26]
2624,[7]
2626,"[7, 43]"
2628,[]
2629,[]
2635,[]
2637,"[9, 131]"
2641,[]
2643,[]
2645,[]
2648,[26]
2650,[]
2655,[124]
2656,[]
2666,[124]
2670,[185]
2671,[]
2673,[]
2674,[]
2675,[]
2685,[196]
2689,[123]
2692,[]
2694,[]
2695,[7]
2697,[]
2698,[184]
2699,[123]
2700,"[123, 184]"
2705,[]
2713,"[72, 123]"
2714,"[72, 94, 123]"
2719,[173]
2721,"[130, 173]"
2726,[190]
2729,[]
2734,"[62, 131, 170]"
2751,[9]
2758,[29]
2760,[131]
2773,[184]
2775,"[9, 184]"
2783,[56]
2784,[]
2790,[]
2795,[]
2798,[]
2799,[16]
2800,[43]
2804,[4]
2806,[6]
2807,[]
2811,[]
2815,[7]
2816,[7]
2817,[7]
2818,"[7, 173]"
2819,[7]
2820,[]
2829,[185]
2831,[]
2832,[26]
2834,[27]
2837,[23]
2838,"[23, 25]"
2839,[16]
2848,[185]
2851,[]
2860,[13]
2861,[13]
2877,[7]
2879,[7]
2882,"[131, 149]"
2885,"[29, 143, 169]"
2888,[27]
2889,[27]
2890,[27]
2893,"[173, 190]"
2900,"[9, 149]"
2905,"[177, 181]"
2907,[]
2913,[]
2925,[37]
2933,[]
2937,[]
2938,[]
2942,[13]
2946,[]
2947,[7]
2948,[173]
2959,[69]
2961,[]
2962,[56]
2963,[]
2967,[7]
2970,[]
2975,"[131, 173]"
2976,[173]
2984,[]
2992,[24]
2995,[]
2996,[]
2998,[149]
3002,[]
3016,"[7, 23]"
3018,"[14, 42, 43, 154]"
3024,[]
3025,[26]
3040,[24]
3051,"[16, 18]"
3054,"[7, 123]"
3068,[42]
3069,[]
3077,[18]
3078,"[15, 18]"
3089,[]
3090,[]
3097,[]
3099,[]
3117,[7]
3120,"[26, 29]"
3124,"[11, 19]"
3127,"[8, 14]"
3128,[8]
3130,[]
3141,[186]
3156,[26]
3157,"[9, 184]"
3158,"[9, 184]"
3163,[197]
3165,[24]
3173,[6]
3176,[131]
3185,[26]
3190,[29]
3199,[26]
3202,[]
3207,[]
3208,[]
3217,[25]
3228,[23]
3233,[23]
3234,[]
3235,[9]
3238,[]
3242,[25]
3247,[182]
3248,[]
3251,[]
3254,[]
3255,[196]
3259,"[3, 4, 185]"
3262,"[14, 197]"
3273,[52]
3275,[7]
3279,[]
3281,[13]
3285,[179]
3286,[]
3305,[]
3312,[131]
3314,[]
3318,[18]
3332,[154]
3338,[]
3340,[]
3349,[5]
3350,[]
3351,[79]
3360,[]
3362,[]
3373,[131]
3377,"[7, 43]"
3382,[]
3384,[]
3390,[169]
3391,"[72, 123]"
3396,[48]
3404,"[18, 197]"
3413,[194]
3414,[]
3417,"[184, 196]"
3419,[]
3422,[43]
3423,[43]
3426,[14]
3428,[]
3435,[25]
3446,[]
3447,[]
3450,[7]
3451,[7]
3452,[6]
3454,[6]
3459,[27]
3468,[]
3482,[173]
3484,[]
3488,"[7, 13, 190]"
3493,"[35, 48, 131]"
3498,"[48, 131]"
3499,"[131, 173]"
3503,"[1, 2]"
3505,[]
3508,[190]
3516,[]
3524,[]
3526,[]
3536,[]
3545,[43]
3546,"[43, 164]"
3550,[]
3552,[8]
3561,[]
3565,[]
3574,[25]
3577,[]
3578,[8]
3605,[13]
3607,[124]
3609,[13]
3610,[26]
3611,[]
3615,[29]
3621,[173]
3622,"[13, 173]"
3626,"[1, 2]"
3634,"[31, 46]"
3637,[]
3650,[27]
3655,[]
3663,"[124, 197]"
3668,[]
3669,[]
3683,"[43, 67]"
3684,[43]
3689,[11]
3700,[172]
3715,[6]
3719,[]
3724,"[172, 184]"
3730,[]
3740,[]
3741,[]
3743,[14]
3744,"[1, 9]"
3754,[]
3755,"[14, 154]"
3756,"[14, 26]"
3761,[15]
3767,[]
3775,[]
3778,[7]
3779,[7]
3780,[7]
3783,[]
3796,[]
3805,[23]
3808,[14]
3812,[]
3815,"[29, 52, 176]"
3829,[]
3830,[]
3834,[26]
3846,[25]
3853,[]
3856,[43]
3861,"[42, 47]"
3863,[]
3871,[18]
3873,[13]
3874,"[13, 47]"
3882,[24]
3883,[14]
3886,[]
3891,[9]
3896,[]
3897,[]
3900,[26]
3905,[]
3917,[]
3921,[24]
3929,[127]
3936,[6]
3939,[]
3941,[6]
3944,[]
3949,[179]
3950,[179]
3955,[14]
3960,[185]
3961,"[14, 185]"
3969,"[14, 26]"
3971,[]
3973,"[91, 127, 173]"
3979,[24]
3987,[14]
3993,[]
3994,"[31, 43]"
3996,[26]
4007,[]
4012,[7]
4021,[24]
4024,[]
4030,[14]
4031,"[14, 28]"
4032,[]
4041,[18]
4045,[173]
4049,[]
4050,[23]
4052,[62]
4055,[28]
4059,"[14, 27, 185]"
4069,[47]
4077,[26]
4086,[185]
4095,"[25, 131]"
4096,[25]
4101,[]
4107,[7]
4113,[]
4122,[154]
4131,[188]
4132,"[188, 197]"
4134,[]
4139,"[9, 27]"
4157,[]
4159,[1]
4160,"[1, 6]"
4161,[24]
4164,[16]
4166,[24]
4168,[]
4173,[43]
4176,[]
4177,[]
4183,[26]
4197,[120]
4203,[]
4204,[]
4206,[179]
4216,[8]
4236,[5]
4237,[5]
4242,[14]
4250,[]
4255,[5]
4267,[]
4269,[]
4278,[]
4279,[]
4280,[]
4288,[6]
4289,[]
4310,"[5, 24]"
4317,[]
4318,[]
4322,"[124, 190, 199]"
4339,[]
4340,[]
4341,[]
4348,[10]
4362,[11]
4364,[11]
4365,[169]
4381,[7]
4385,[]
4388,[]
4389,[30]
4399,[]
4401,[6]
4409,[]
4411,[]
4412,[]
4419,[]
4423,[6]
4425,[]
4435,[]
4439,[25]
4444,[]
4454,"[124, 147]"
4455,"[146, 147]"
4462,[173]
4472,[]
4473,[21]
4475,[]
4477,"[16, 27, 143, 169]"
4480,"[7, 27]"
4490,[]
4497,[169]
4498,[169]
4499,[]
4500,[88]
4502,"[7, 131]"
4507,"[124, 173, 190]"
4514,[25]
4520,"[2, 5]"
4523,[190]
4530,"[16, 18]"
4531,[170]
4532,[]
4533,[]
4535,[]
4536,[]
4539,"[21, 24]"
4553,[]
4554,[]
4569,[56]
4579,[]
4584,[]
4601,[]
4602,[]
4613,[]
4617,[]
4619,[]
4626,[]
4629,[7]
4634,[7]
4635,[7]
4637,[13]
4638,[46]
4639,[]
4644,[]
4646,[4]
4648,[4]
4653,"[16, 173]"
4654,"[16, 173]"
4655,[]
4656,[]
4662,[]
4669,[]
4675,[24]
4677,[24]
4682,[14]
4688,[]
4705,[]
4710,[43]
4711,[]
4715,[]
4734,"[24, 43]"
4741,[4]
4746,[24]
4754,[]
4757,[9]
4758,[]
4760,[]
4772,[]
4773,[]
4778,[14]
4782,[]
4791,[]
4810,[26]
4818,[]
4819,[11]
4828,[8]
4829,[26]
4839,[]
4844,"[6, 11, 53]"
4845,"[6, 11]"
4848,[]
4850,[]
4852,[19]
4856,[]
4858,"[8, 14]"
4859,[18]
4860,"[173, 190]"
4863,[16]
4864,"[8, 154]"
4866,"[8, 26]"
4868,[]
4875,"[14, 89]"
4890,[]
4909,[6]
4930,[27]
4932,[27]
4933,"[67, 154]"
4935,"[15, 16, 27, 154]"
4938,[]
4957,[]
4960,[]
4967,[67]
4969,[29]
4980,[22]
4981,[23]
4989,[43]
4992,"[7, 23]"
4996,[]
4997,[11]
5000,"[14, 26]"
5002,[25]
5004,[]
5006,"[24, 42]"
5009,[22]
5011,[]
5018,[]
5035,[]
5054,[]
5065,[182]
5066,[]
5068,[]
5072,[14]
5074,"[26, 79]"
5090,[30]
5097,[]
5098,"[14, 28, 43, 52]"
5101,[]
5111,[7]
5113,[7]
5119,[]
5125,[]
5129,[23]
5130,[]
5135,[]
5136,[8]
5142,[]
5146,[43]
5155,[16]
5157,"[16, 43]"
5162,[]
5165,[124]
5170,[]
5171,[]
5172,[124]
5184,[7]
5187,[]
5202,[26]
5203,[]
5208,[25]
5212,[11]
5218,[22]
5234,[25]
5246,[4]
5248,[24]
5251,"[18, 186]"
5257,"[21, 24]"
5259,"[10, 37]"
5263,[22]
5266,[]
5274,[]
5281,"[26, 184]"
5282,"[14, 30, 184]"
5283,"[14, 184, 185]"
5287,[26]
5297,"[8, 14]"
5307,[25]
5310,[23]
5312,[]
5313,[]
5314,[]
5316,[43]
5321,[26]
5325,"[7, 169]"
5335,[21]
5349,"[62, 147, 172]"
5351,[]
5353,[]
5359,"[7, 131]"
5361,[]
5378,[]
5379,[]
5381,[]
5382,[131]
5383,"[7, 173]"
5400,"[29, 67]"
5403,[185]
5407,[20]
5417,[]
5419,[]
5421,[]
5423,[]
5437,[]
5451,[26]
5454,[4]
5456,[]
5467,[]
5470,[]
5478,[26]
5481,[14]
5483,[28]
5487,[]
5490,[5]
5491,[]
5494,[26]
5495,[26]
5497,[]
5503,[]
5507,[]
5512,"[14, 26]"
5513,[14]
5526,"[13, 23]"
5538,[22]
5545,[24]
5546,[]
5552,[6]
5580,[26]
5582,[]
5583,[]
5585,[]
5588,[14]
5601,[]
5612,[]
5620,[]
5633,[58]
5638,[]
5644,[26]
5654,[27]
5660,[21]
5661,[4]
5662,[169]
5669,[2]
5673,[]
5678,[26]
5683,[]
5685,[]
5706,[]
5713,"[124, 199]"
5716,[]
5718,[11]
5719,[]
5723,[43]
5730,[]
5739,[37]
5747,[26]
5748,[26]
5753,[]
5757,[]
5764,[24]
5776,[4]
5784,[]
5785,[]
5787,[24]
5791,"[67, 178]"
5792,"[67, 178]"
5797,[4]
5801,[62]
5808,[]
5812,[]
5821,[]
5822,[169]
5835,[]
5839,[]
5851,[]
5852,[]
5855,"[14, 124]"
5856,[]
5859,[]
5872,[]
5879,[169]
5880,[7]
5881,"[6, 7]"
5882,[28]
5884,[28]
5891,[]
5892,[]
5893,[]
5896,[]
5898,[]
5899,[]
5915,[]
5919,"[23, 183]"
5920,[23]
5927,[6]
5928,"[6, 67]"
5940,[10]
5958,[]
5961,[7]
5963,[]
5970,[27]
5974,[]
5976,[37]
5995,[43]
5997,[]
6008,[14]
6012,[7]
6023,[173]
6027,[]
6041,[179]
6043,[]
6047,[]
6049,[28]
6050,[28]
6051,[28]
6055,[10]
6058,[7]
6060,[7]
6066,"[8, 26]"
6073,[]
6080,[]
6087,"[13, 21, 29, 169]"
6107,[124]
6116,[26]
6119,[7]
6122,"[8, 26]"
6124,[173]
6126,[]
6142,[]
6145,[62]
6156,[25]
6163,"[159, 181]"
6177,[27]
6183,[]
6188,"[8, 77]"
6191,"[8, 26]"
6192,[]
6194,[]
6210,[]
6212,[]
6223,[]
6231,[5]
6241,[]
6245,[4]
6250,[]
6252,[]
6253,"[11, 23]"
6257,[]
6265,"[11, 131, 176]"
6271,"[20, 23, 25]"
6273,[]
6279,[]
6286,[]
6291,[]
6301,[176]
6302,[]
6305,[176]
6318,"[28, 45, 49]"
6324,[30]
6325,[26]
6327,[43]
6330,[]
6334,[26]
6338,[]
6340,[4]
6341,[]
6351,[]
6365,[16]
6366,[]
6367,[]
6374,[22]
6375,[185]
6377,"[47, 185]"
6383,[24]
6386,[26]
6388,[172]
6400,"[6, 43]"
6404,[]
6412,[22]
6413,[]
6415,[]
6419,[186]
6425,[31]
6439,[24]
6443,[]
6444,[7]
6451,[]
6454,[173]
6457,[105]
6460,[]
6474,[43]
6480,[26]
6482,"[186, 197]"
6483,[]
6484,"[7, 186]"
6487,"[7, 8, 13, 23]"
6491,[]
6494,[185]
6497,[]
6499,[24]
6506,[173]
6511,[]
6512,[22]
6514,[]
6516,"[5, 19]"
6524,[179]
6525,[]
6527,[26]
6528,[26]
6531,[]
6532,[]
6534,[]
6535,[]
6536,[27]
6538,[24]
6543,[18]
6550,[14]
6558,[]
6562,[10]
6567,[]
6570,"[29, 45]"
6573,[124]
6578,[25]
6583,[]
6590,[190]
6612,[4]
6618,"[176, 197]"
6633,[]
6638,[27]
6639,[27]
6644,[]
6650,[]
6659,[]
6661,[]
6662,[]
6674,[26]
6678,[]
6687,[6]
6691,"[52, 197]"
6692,[]
6701,[6]
6705,[7]
6713,[15]
6714,[]
6717,[]
6730,[26]
6731,[]
6749,[]
6758,[]
6759,[]
6765,[5]
6766,"[5, 49, 185]"
6770,[]
6773,[67]
6780,[123]
6783,[49]
6784,[]
6785,[]
6792,[26]
6808,"[125, 193, 197]"
6811,[130]
6816,"[23, 37]"
6819,[25]
6824,[54]
6826,[]
6829,[5]
6835,"[123, 124]"
6841,[54]
6846,[26]
6857,[6]
6858,"[24, 173]"
6864,"[6, 43]"
6868,[]
6871,[131]
6872,[]
6873,[]
6879,[6]
6886,[27]
6887,[15]
6890,[8]
6892,[4]
6894,[]
6897,[]
6900,[]
6903,[]
6913,[196]
6915,[]
6935,[70]
6943,[28]
6946,"[6, 22]"
6947,[]
6954,[7]
6960,"[30, 66, 173, 196]"
6962,[26]
6967,[]
6972,[]
6978,[]
6986,[]
6987,[]
6992,[6]
6994,[4]
6995,"[4, 29]"
6997,[]
7000,[8]
7010,[]
7028,[173]
7033,"[7, 190]"
7045,[9]
7046,[]
7057,[]
7059,[]
7064,[6]
7066,[]
7083,[11]
7084,"[11, 184]"
7087,[4]
7091,[4]
7094,[]
7099,[]
7106,[6]
7108,[]
7111,[79]
7116,[28]
7140,[28]
7148,[22]
7157,[16]
7162,[]
7168,[]
7186,[26]
7199,[26]
7206,[]
7207,[]
7214,[18]
7218,[6]
7224,"[123, 131]"
7231,[]
7235,[]
7245,[]
7251,[]
7253,[25]
7254,"[21, 25]"
7256,[25]
7261,[6]
7267,"[23, 24, 25]"
7271,[]
7273,[18]
7274,[]
7287,[]
7291,[28]
7293,[22]
7294,"[22, 25]"
7301,[]
7309,[]
7310,[]
7312,[]
7317,"[30, 131]"
7319,[]
7321,[]
7323,[]
7325,[6]
7326,[]
7335,[]
7337,[24]
7340,[130]
7359,[20]
7360,[20]
7371,[8]
7384,[]
7390,[37]
7399,[]
7400,[]
7410,"[6, 43]"
7419,[]
7420,[]
7421,[]
7422,[22]
7428,[]
7433,[4]
7435,[]
7439,[26]
7444,[25]
7446,[25]
7458,[]
7465,[43]
7468,[169]
7479,[]
7486,[]
7496,[]
7505,[15]
7508,[]
7510,[67]
7511,[]
7514,"[6, 7, 21, 159]"
7520,[]
7522,[70]
7526,[]
7531,[26]
7535,[]
7536,[]
7537,[]
7539,[]
7540,[]
7543,[11]
7551,[52]
7582,"[22, 197]"
7583,[]
7584,[]
7587,[]
7598,[]
7599,"[58, 131, 185]"
7603,[14]
7604,[28]
7607,[]
7610,[130]
7613,"[24, 43]"
7614,[24]
7617,[]
7625,[]
7627,[]
7631,[]
7638,[]
7639,[]
7642,"[7, 53]"
7653,[]
7654,[]
7656,[]
7664,"[7, 124, 131]"
7666,[]
7668,[]
7678,[9]
7680,[2]
7683,"[21, 173]"
7688,[]
7698,[59]
7707,[2]
7714,[177]
7719,"[8, 181]"
7735,"[25, 26]"
7741,[]
7742,[]
7743,[]
7746,[27]
7754,[]
7762,[26]
7763,"[14, 154]"
7767,[18]
7768,"[16, 24]"
7773,[]
7786,[]
7791,[]
7794,[]
7799,[43]
7801,[]
7802,[]
7817,[]
7823,[]
7831,[]
7832,[]
7839,[26]
7853,[]
7863,[4]
7864,[]
7865,[23]
7867,[23]
7871,[]
7873,[173]
7884,[22]
7885,[]
7892,[]
7894,[]
7897,[25]
7930,"[130, 171]"
7933,[]
7934,"[23, 196]"
7935,"[23, 32]"
7937,"[18, 24, 173]"
7939,[]
7940,[]
7943,[]
7944,[]
7946,[26]
7948,[]
7951,[24]
7955,"[24, 43]"
7963,[5]
7968,"[87, 127]"
7980,[]
7982,[26]
7984,[]
7985,[14]
7986,[139]
8004,[]
8011,[]
8012,[]
8021,[6]
8023,[6]
8026,[22]
8033,[23]
8038,"[107, 185]"
8039,[]
8040,[]
8042,[7]
8045,[26]
8046,"[27, 176, 197]"
8051,[]
8057,"[43, 131]"
8068,[]
8076,[6]
8078,[]
8079,[173]
8088,"[43, 67]"
8093,[25]
8103,"[6, 11, 24]"
8108,[]
8111,[9]
8115,"[6, 120]"
8118,[]
8119,[22]
8124,[25]
8125,[]
8127,[]
8129,[196]
8130,[]
8131,[]
8148,[]
8149,[]
8155,[]
8163,[6]
8164,[]
8165,[]
8170,[]
8179,[]
8180,[]
8182,[]
8185,[4]
8187,[26]
8197,[22]
8198,[]
8202,[]
8204,[]
8205,[26]
8207,[24]
8215,[24]
8224,[]
8233,[]
8235,"[69, 124, 193]"
8236,[]
8242,[]
8244,[]
8245,[]
8246,[]
8258,[]
8263,"[45, 49, 124, 190]"
8275,"[8, 26]"
8276,[26]
8277,[15]
8279,[]
8284,[]
8285,[]
8290,[4]
8294,[26]
8299,"[8, 26]"
8307,[]
8308,[28]
8310,[25]
8314,[22]
8317,[]
8329,[]
8330,[]
8332,[]
8333,[179]
8337,[4]
8340,[]
8342,[]
8352,[]
8355,[194]
8360,[22]
8361,[]
8371,[]
8377,[]
8378,[]
8389,[131]
8392,"[21, 24, 173, 190]"
8393,"[21, 173]"
8399,[26]
8405,"[27, 31, 190]"
8413,[]
8415,[]
8416,[7]
8424,[]
8427,"[170, 187]"
8438,[]
8443,[188]
8444,[]
8447,[]
8460,[]
8463,[14]
8464,[]
8477,[]
8478,[149]
8481,[10]
8492,"[7, 43]"
8498,[6]
8503,"[14, 25, 59, 185]"
8506,[]
8510,[]
8512,[]
8516,[2]
8517,[25]
8519,[25]
8527,[]
8535,[]
8542,[14]
8543,[24]
8544,[16]
8557,[28]
8559,[]
8568,"[32, 183]"
8572,[52]
8596,[18]
8598,[16]
8599,[]
8611,[12]
8614,[]
8629,[]
8636,[]
8641,[26]
8643,[26]
8649,[]
8662,[]
8667,"[26, 154, 178]"
8669,[26]
8682,[26]
8689,[]
8703,[30]
8712,[51]
8720,[]
8721,[]
8728,[]
8738,[]
8744,[26]
8745,[]
8746,[]
8747,"[7, 43]"
8748,[131]
8749,[7]
8752,[24]
8758,[26]
8760,[]
8761,[185]
8765,[]
8767,"[6, 43]"
8768,[43]
8771,[26]
8772,[26]
8781,[179]
8784,[]
8787,[179]
8800,"[16, 43]"
8804,[4]
8806,[]
8810,[6]
8814,[177]
8816,[9]
8818,[]
8821,[]
8822,[]
8828,[]
8844,[131]
8846,[25]
8859,"[131, 173]"
8862,[123]
8869,[17]
8883,[23]
8887,[28]
8891,[4]
8892,[4]
8894,[]
8899,[]
8905,[30]
8907,[]
8911,[]
8916,[]
8921,[]
8941,"[14, 26, 196]"
8953,"[51, 52]"
8955,[52]
8957,[]
8959,"[18, 20, 30]"
8960,"[20, 30]"
8965,"[15, 124]"
8973,[14]
8974,[]
8976,[]
8993,[]
9004,[9]
9006,[]
9007,"[43, 124]"
9016,[]
9023,[]
9024,[]
9026,[]
9029,[79]
9041,[]
9046,[]
9049,[]
9051,"[43, 131]"
9054,[]
9058,[26]
9061,[]
9062,[]
9063,[]
9070,[25]
9079,[]
9087,[]
9092,[8]
9096,[]
9098,[]
9099,[]
9112,[]
9122,[7]
9123,[]
9128,[24]
9133,[10]
9134,[11]
9137,[]
9141,[]
9143,[123]
9144,[179]
9147,[]
9148,[4]
9154,[170]
9159,"[24, 27]"
9162,[25]
9173,"[58, 169]"
9174,[9]
9176,[]
9184,[4]
9185,[4]
9188,[28]
9191,[]
9194,[]
9199,[23]
9206,[14]
9207,[]
9210,[26]
9216,[]
9217,[14]
9225,[]
9229,[18]
9235,[]
9237,"[51, 54, 56]"
9239,[]
9257,[]
9261,[]
9266,[]
9283,[]
9288,[]
9290,[]
9294,[131]
9295,[131]
9296,[29]
9298,[]
9302,"[7, 139]"
9312,"[25, 173]"
9313,"[21, 173]"
9321,[173]
9326,"[169, 179]"
9328,"[7, 179]"
9329,[179]
9331,[21]
9335,[64]
9338,"[21, 27, 125, 173]"
9350,[25]
9352,[26]
9359,"[1, 6, 26]"
9366,[]
9369,[]
9375,[]
9376,[]
9378,[]
9382,[18]
9389,[]
9391,[]
9392,[43]
9393,[2]
9399,[]
9400,[]
9421,"[43, 153]"
9423,[26]
9424,[26]
9427,[]
9431,[]
9433,[]
9435,[22]
9438,[]
9444,[]
9445,[]
9449,[26]
9459,[]
9460,[]
9462,[]
9471,[26]
9475,[]
9481,[]
9483,[]
9498,[]
9499,[]
9500,[]
9507,[]
9512,[26]
9514,[26]
9520,[]
9521,[]
9524,[]
9537,[26]
9551,[22]
9566,[]
9577,[30]
9579,[]
9583,[]
9584,[]
9586,"[3, 6]"
9607,[]
9608,[22]
9618,[]
9620,[]
9623,[]
9637,[]
9643,[185]
9644,[]
9645,[]
9648,[]
9650,[186]
9651,[]
9652,[25]
9660,"[7, 43, 131]"
9674,[6]
9677,[]
9681,[]
9686,[]
9687,[]
9689,[70]
9696,[26]
9701,[]
9702,"[23, 25]"
9707,"[24, 27]"
9708,[]
9709,[62]
9712,[7]
9716,[4]
9717,[]
9724,[]
9732,[27]
9738,[13]
9740,[28]
9750,[]
9758,[]
9759,[22]
9763,[6]
9764,"[6, 9]"
9776,[26]
9781,[]
9788,[]
9791,"[24, 190]"
9794,[24]
9801,[]
9813,[]
9816,"[32, 43, 51]"
9823,"[11, 43]"
9825,[184]
9826,[]
9828,[6]
9832,[]
9834,[10]
9861,[]
9862,[]
9863,[26]
9865,[]
9866,[]
9867,[37]
9894,"[26, 173]"
9905,[9]
9909,[]
9911,[]
9913,[25]
9917,[26]
9922,[24]
9923,[]
9925,[]
9931,[]
9934,"[14, 26]"
9937,[]
9938,[]
9939,[]
9944,[]
9947,[]
9957,[24]
9962,[24]
9965,[]
9969,[26]
9972,[6]
9973,[6]
9976,[26]
9981,[]
9984,[26]
9986,[185]
9994,[16]
10003,[]
10010,[179]
10014,[]
10020,[]
10022,[]
10023,[]
10218,"[18, 176, 190]"
10220,[]
10223,[]
10231,[6]
10235,[]
10236,[]
10239,[]
10252,[]
10253,[]
10257,[]
10259,[]
10263,[]
10270,[]
10271,[]
10272,[]
10296,"[5, 50]"
10308,[43]
10325,[]
10334,[]
10336,[]
10353,[]
10358,[43]
10359,[]
10366,[]
10369,[]
10372,[28]
10373,[]
10376,[7]
10379,[8]
10383,"[24, 179]"
10385,[]
10390,[]
10392,[]
10408,[]
10415,[]
10419,[]
10424,[26]
10430,[124]
10432,[26]
10433,[23]
10434,"[4, 173]"
10438,[]
10441,[]
10442,[]
10445,[]
10448,[]
10455,"[24, 27]"
10456,"[27, 37]"
10460,[]
10461,"[52, 169, 170]"
10467,[]
10486,[]
10489,[]
10490,[]
10493,[]
10499,[]
10500,"[8, 14]"
10515,[]
10516,[]
10527,[]
10530,[14]
10531,[]
10532,[]
10534,[]
10538,[14]
10548,[]
10552,[]
10554,[22]
10559,[]
10561,[]
10562,[]
10565,[24]
10568,[6]
10569,[]
10571,[]
10573,[4]
10577,[18]
10587,[24]
10590,[]
10595,[105]
10615,[173]
10617,[]
10622,[185]
10633,[]
10635,[43]
10637,[]
10641,[]
10646,[49]
10651,[6]
10654,[]
10655,[]
10657,[29]
10669,[]
10683,[26]
10687,[]
10690,[]
10694,[6]
10700,[]
10706,[19]
10733,[]
10735,[]
10743,[26]
10750,[24]
10752,[24]
10756,[26]
10761,[131]
10763,[]
10764,"[7, 173]"
10767,[]
10772,[26]
10775,[]
10777,[]
10783,[]
10789,[6]
10794,"[27, 173]"
10801,[185]
10803,"[4, 21]"
10809,[4]
10813,[]
10814,[44]
10816,[]
10818,[]
10823,[23]
10825,[]
10836,[49]
10847,[]
10854,"[173, 186]"
10856,[]
10857,[]
10860,[]
10865,[43]
10891,[18]
10892,[18]
10895,[]
10897,[]
10902,[]
10914,"[24, 43]"
10920,[125]
10927,[]
10929,[5]
10936,[25]
10937,[25]
10940,[27]
10945,[]
10946,[18]
10948,[]
10952,[7]
10956,[]
10957,[190]
10964,"[5, 19, 43]"
10975,[]
10985,[26]
10997,"[14, 184]"
10999,[]
11000,[]
11014,[26]
11023,[]
11025,[]
11026,[]
11027,[179]
11028,[]
11034,[]
11035,[]
11037,[]
11038,[]
11041,[]
11042,[29]
11044,[]
11049,[]
11058,[]
11066,[]
11070,[8]
11071,[]
11074,"[14, 26]"
11080,[]
11082,[]
11088,[]
11089,[]
11096,[7]
11097,[]
11099,[]
11106,[26]
11107,[26]
11113,[]
11119,[]
11122,[]
11125,[]
11132,[7]
11133,[]
11136,[26]
11138,[26]
11141,[26]
11142,[5]
11144,"[5, 47]"
11149,[]
11151,[]
11152,[191]
11156,[26]
11158,[]
11162,[]
11169,[179]
11170,[]
11172,[53]
11184,[]
11185,[178]
11189,[]
11197,[183]
11202,[]
11219,[]
11236,"[7, 131, 179]"
11244,[]
11246,[16]
11254,"[8, 172]"
11258,[190]
11261,[]
11262,[]
11266,"[169, 180, 190]"
11280,[]
11281,[186]
11284,[]
11291,[67]
11292,[]
11293,[32]
11298,[]
11302,[22]
11308,[]
11309,[]
11318,[20]
11321,[]
11322,[]
11324,[]
11329,[]
11330,[]
11337,[]
11339,[]
11341,[]
11356,[27]
11358,[27]
11365,[]
11368,"[14, 26, 59, 185]"
11369,[26]
11371,[]
11373,[4]
11378,[24]
11380,[24]
11382,[26]
11390,[11]
11394,[]
11402,[26]
11403,[]
11404,"[10, 124, 176]"
11411,[]
11415,[6]
11426,[6]
11429,[]
11431,[]
11438,[]
11450,[6]
11451,[24]
11461,[26]
11466,[185]
11473,[27]
11476,[5]
11490,[]
11495,[]
11496,[185]
11500,[21]
11502,[184]
11504,[184]
11510,[22]
11512,"[15, 23, 27]"
11534,[]
11542,[]
11553,[6]
11555,[]
11561,"[7, 43]"
11581,[]
11583,[]
11593,[]
11610,[]
11612,[]
11615,[27]
11619,[]
11622,"[23, 32, 197]"
11627,[]
11628,[]
11631,[48]
11636,[]
11644,[]
11649,[]
11652,[]
11653,[]
11657,[26]
11660,[]
11668,[]
11679,[]
11680,[]
11687,[22]
11689,[]
11693,[]
11696,[22]
11698,[]
11701,[26]
11705,[10]
11708,[]
11717,[26]
11718,[]
11735,[]
11749,[]
11750,[197]
11762,[]
11766,"[12, 188]"
11773,"[17, 67]"
11775,[23]
11776,[54]
11779,"[8, 14]"
11780,[]
11794,"[8, 27, 197]"
11806,[]
11807,"[49, 185]"
11813,[]
11821,[24]
11823,[43]
11825,[11]
11826,[11]
11832,[26]
11834,[13]
11836,[22]
11837,[22]
11839,"[50, 154]"
11842,[26]
11845,"[44, 53]"
11850,[]
11855,[176]
11863,"[14, 59, 155]"
11867,[]
11887,[24]
11893,[]
11894,"[24, 176]"
11898,"[50, 185]"
11906,"[8, 67]"
11909,[23]
11913,[]
11914,[11]
11922,[26]
11925,[25]
11928,[]
11937,[]
11938,"[59, 70]"
11944,[]
11945,[27]
11949,[4]
11956,[17]
11957,[]
11961,[26]
11963,[131]
11966,[22]
11971,[70]
11973,[]
11975,[4]
11977,[]
11987,[]
11988,[]
11995,[26]
11996,"[4, 8]"
12002,[22]
12003,[]
12009,[]
12010,[26]
12011,[26]
12013,[177]
12014,[]
12018,[]
12021,[26]
12029,[9]
12032,"[18, 173]"
12036,[7]
12038,[7]
12048,[22]
12055,[]
12063,[]
12064,[]
12072,[]
12081,[22]
12082,"[22, 51]"
12086,[]
12087,[]
12105,[182]
12111,[]
12116,[]
12118,"[6, 28, 130]"
12119,[]
12121,[173]
12122,[]
12123,[]
12125,[179]
12129,[47]
12138,[49]
12140,[]
12141,[]
12154,[]
12171,[25]
12172,[25]
12178,[7]
12179,[7]
12180,[]
12183,[]
12186,[]
12192,[26]
12198,[]
12202,"[48, 185]"
12205,[24]
12209,[]
12211,[173]
12212,[]
12218,[]
12225,[]
12232,[]
12241,[21]
12247,[4]
12254,[]
12259,[]
12261,[87]
12264,[28]
12269,[]
12270,[]
12271,[]
12279,[9]
12286,[21]
12289,[]
12301,[26]
12303,[]
12306,[]
12324,[20]
12332,[]
12334,"[1, 22]"
12338,"[18, 180]"
12344,[21]
12348,[]
12357,[9]
12359,[]
12364,[]
12376,[]
12377,[]
12379,[26]
12385,[174]
12388,"[24, 50]"
12389,[]
12400,"[5, 182]"
12407,[190]
12410,[5]
12421,[]
12428,[2]
12430,[]
12434,[190]
12435,[190]
12439,"[43, 123]"
12441,[25]
12445,[5]
12450,[]
12452,"[25, 26]"
12469,[196]
12470,"[77, 196]"
12471,[]
12472,[]
12485,[48]
12487,[]
12489,[72]
12491,[]
12497,[184]
12499,[26]
12515,[]
12516,"[14, 26]"
12523,[]
12525,[26]
12526,"[8, 26]"
12538,[11]
12540,[]
12552,[]
12553,[]
12564,[26]
12565,[26]
12567,"[15, 27]"
12578,[]
12588,[26]
12591,[6]
12594,[]
12598,"[4, 12, 32]"
12602,[]
12605,[]
12614,"[8, 26]"
12615,"[26, 43]"
12616,[]
12628,[27]
12630,[27]
12632,[]
12636,[]
12637,"[52, 54]"
12638,"[54, 186]"
12645,[8]
12652,[]
12655,[26]
12661,[]
12667,"[26, 199]"
12680,"[13, 15]"
12684,[]
12688,[]
12691,[]
12692,[]
12694,[186]
12695,[]
12707,[]
12714,[11]
12720,[]
12726,[20]
12740,"[20, 24]"
12760,[]
12761,[14]
12762,[]
12770,[]
12780,[]
12794,[24]
12797,[]
12799,[]
12800,[5]
12802,[]
12814,[139]
12816,[]
12830,[]
12831,[]
12834,"[29, 67, 173]"
12838,[]
12858,[194]
12863,[7]
12864,[7]
12865,[]
12868,[]
12869,[]
12877,[]
12879,[]
12880,[26]
12884,[25]
12887,[25]
12895,[]
12902,[]
12903,[26]
12904,[176]
12912,[]
12918,[26]
12921,[]
12922,[]
12923,[]
12941,[]
12950,[4]
12951,[4]
12954,[]
12957,[25]
12959,[]
12961,[6]
12965,[]
12986,[]
12987,"[2, 43]"
12997,[]
13007,[]
13016,"[29, 173]"
13040,[9]
13042,[9]
13047,[]
13052,[24]
13054,[67]
13058,[]
13069,[]
13089,"[26, 179]"
13094,[]
13101,[26]
13111,[25]
13112,"[5, 169, 193]"
13114,[68]
13115,[179]
13158,[]
13159,[43]
13163,[25]
13178,[]
13182,[43]
13184,[]
13192,[]
13196,[26]
13197,[26]
13207,[]
13214,[177]
13220,[]
13230,"[9, 32]"
13232,[188]
13238,[13]
13240,[]
13259,[]
13266,[]
13267,[]
13272,[]
13273,[]
13288,[]
13291,[]
13292,[28]
13295,[]
13296,[]
13309,[]
13312,[]
13314,[26]
13316,[26]
13320,[]
13322,[]
13329,[]
13345,[]
13348,[]
13356,[26]
13357,[26]
13358,[26]
13362,[26]
13364,"[26, 173]"
13367,[]
13390,"[44, 169]"
13391,"[30, 32, 197]"
13399,[26]
13404,"[22, 173, 185]"
13412,[]
13419,[]
13422,[79]
13423,[]
13425,[26]
13435,[131]
13440,[]
13441,"[29, 124, 185]"
13443,[26]
13445,[26]
13446,[194]
13448,[49]
13454,[14]
13471,[]
13473,[]
13477,[8]
13478,[]
13479,[]
13481,"[26, 27]"
13488,[]
13489,[]
13490,[]
13492,[11]
13497,[2]
13498,"[4, 59]"
13503,[177]
13504,[]
13505,[]
13511,[]
13513,[]
13515,[]
13522,[]
13530,[23]
13540,[30]
13541,[]
13544,[]
13554,[]
13557,[]
13559,[]
13560,[]
13561,[26]
13568,[26]
13574,"[25, 26]"
13580,[25]
13581,[]
13586,[]
13594,[]
13602,[26]
13608,"[11, 89]"
13609,[]
13611,[26]
13618,[]
13628,"[184, 196]"
13629,[]
13631,[22]
13632,[]
13641,[185]
13643,"[178, 185]"
13645,[28]
13651,[]
13652,[]
13654,[]
13657,[]
13668,[]
13669,[]
13684,[26]
13690,[27]
13694,[26]
13697,[26]
13698,[27]
13712,[]
13723,[26]
13724,[26]
13725,[26]
13726,"[26, 199]"
13734,"[67, 173]"
13739,[]
13746,[22]
13747,[]
13749,[9]
13751,[9]
13753,[]
13757,[27]
13759,[]
13762,[]
13772,[]
13779,"[6, 7]"
13782,[26]
13787,[11]
13788,[11]
13808,[]
13810,[]
13814,[26]
13820,"[4, 22]"
13823,[]
13828,[14]
13834,[]
13835,[]
13837,[5]
13848,[]
13859,[]
13862,[26]
13863,[]
13870,[]
13871,[]
13874,[173]
13875,"[29, 173]"
13876,[173]
13882,[46]
13888,[]
13889,"[6, 7]"
13890,[]
13892,[]
13894,[]
13902,[25]
13907,[]
13912,[25]
13918,[]
13922,[26]
13925,"[11, 24]"
13928,[]
13933,[26]
13936,[26]
13937,[26]
13939,[26]
13942,[]
13944,[24]
13946,[]
13948,[]
13949,[]
13953,[24]
13955,[]
13958,[]
13959,[]
13964,"[21, 43]"
13968,[26]
13970,[47]
13972,[2]
13979,[34]
13988,[28]
13989,[]
13990,[]
13991,[]
13992,[194]
13993,[]
13996,[47]
14005,[]
14008,[]
14009,[]
14014,[]
14020,[]
14024,[]
14028,[]
14030,[]
14031,[6]
14033,[]
14039,[26]
14040,"[20, 70]"
14043,[26]
14051,[]
14056,[14]
14060,[]
14066,[1]
14067,[]
14072,[]
14078,[14]
14088,[]
14089,[4]
14092,[25]
14096,[]
14097,[]
14103,[]
14105,[]
14108,[32]
14153,"[8, 172]"
14154,[8]
14158,[]
14163,[]
14170,[]
14175,[]
14181,[]
14192,[27]
14196,[]
14198,[25]
14205,[]
14207,[24]
14220,[]
14229,[]
14230,[]
14232,[]
14234,[]
14237,"[8, 26]"
14244,[67]
14249,"[139, 182]"
14261,[]
14263,[7]
14265,[]
14268,[28]
14270,[]
14272,"[154, 185]"
14280,[]
14290,[28]
14291,[]
14292,[]
14297,[]
14299,[]
14303,[]
14304,[]
14306,[25]
14334,[]
14337,[11]
14344,[]
14345,[22]
14357,[]
14364,[]
14374,[]
14375,[]
14381,"[24, 43]"
14386,[22]
14387,[]
14389,[]
14408,[]
14410,[]
14411,[]
14421,[26]
14422,[]
14426,[26]
14434,[185]
14435,[185]
14439,[]
14444,[26]
14451,[173]
14452,[]
14456,[]
14463,[]
14464,[]
14467,[]
14468,[]
14476,[]
14479,[]
14486,[]
14492,[]
14496,[]
14501,[25]
14504,[]
14506,[2]
14508,[26]
14509,[26]
14514,[9]
14516,[]
14525,[]
14532,[26]
14534,[26]
14535,[]
14540,[]
14541,[24]
14556,[]
14559,[]
14581,"[133, 173]"
14584,[188]
14587,[52]
14591,[]
14593,[21]
14595,[]
14600,[]
14609,[]
14611,[]
14615,[4]
14616,[11]
14620,[]
14624,[]
14628,[]
14629,[26]
14636,[]
14639,[]
14642,[]
14644,[]
14646,[]
14649,[]
14662,[]
14667,[]
14670,"[25, 26]"
14671,"[25, 26]"
14672,[]
14682,[]
14686,[]
14691,[]
14692,[]
14697,[24]
14699,[]
14700,[26]
14712,[4]
14717,[26]
14720,[154]
14721,[]
14722,[]
14727,"[25, 130]"
14728,"[25, 130, 169]"
14735,[]
14742,[]
14745,[]
14747,[4]
14753,[]
14755,[]
14775,[]
14777,[]
14787,[]
14792,[]
14794,[]
14795,[]
14796,"[14, 131]"
14803,[]
14805,[26]
14828,[]
14835,[]
14843,[53]
14856,[26]
14859,[]
14860,[188]
14891,"[43, 53]"
14894,[]
14895,[]
14897,[20]
14900,[]
14904,[]
14907,[]
14909,[]
14916,[]
14923,"[8, 14, 178]"
14927,[188]
14928,[]
14937,"[27, 169]"
14939,[]
14941,[]
14949,[23]
14953,[70]
14959,[17]
14960,"[10, 52]"
14964,[]
15006,[]
15008,[22]
15014,[]
15018,[]
15035,[]
15037,[]
15057,[26]
15058,[26]
15060,[]
15063,[]
15066,[14]
15067,[175]
15068,[]
15072,[]
15078,[]
15079,[]
15080,[]
15084,[24]
15085,[26]
15089,[176]
15094,[185]
15097,"[49, 173]"
15101,[]
15102,[24]
15104,[24]
15108,[]
15109,[]
15117,[49]
15118,[10]
15124,"[7, 10]"
15148,[]
15158,[]
15159,[26]
15162,[]
15163,[]
15167,"[6, 124]"
15170,[26]
15173,[]
15175,[]
15182,[]
15183,[]
15185,[]
15200,[]
15206,[]
15213,[]
15226,[]
15229,[]
15241,[23]
15253,[26]
15258,[26]
15262,[]
15263,[]
15266,[]
15268,[8]
15272,[]
15274,[]
15282,"[20, 30, 175, 182]"
15283,"[18, 20, 30, 175]"
15288,[]
15292,[]
15293,[]
15297,[]
15299,[185]
15302,[]
15320,"[4, 68]"
15327,[]
15328,[]
15330,[24]
15331,[]
15334,[27]
15339,[25]
15340,[25]
15341,[]
15350,"[19, 26]"
15352,"[7, 16, 43]"
15359,[]
15363,[]
15365,[]
15371,[]
15375,[]
15377,[]
15380,"[24, 27]"
15387,[]
15406,[]
15407,[]
15408,[]
15409,[]
15410,[22]
15413,[]
15438,[]
15446,[]
15451,[24]
15474,[14]
15481,[]
15490,[]
15497,[]
15501,[]
15504,[6]
15508,[11]
15522,"[26, 172]"
15525,[]
15527,[26]
15529,[26]
15530,[26]
15532,[]
15533,[]
15535,[173]
15537,"[14, 59]"
15538,"[14, 59]"
15540,[]
15547,[]
15559,[]
15561,[]
15563,[21]
15564,[21]
15566,[27]
15567,[27]
15571,"[21, 184]"
15575,[47]
15576,[185]
15578,[28]
15581,[]
15582,[]
15583,[26]
15597,"[18, 20, 56]"
15599,[]
15603,[]
15604,[13]
15606,[]
15608,[]
15611,[7]
15612,"[26, 154]"
15613,"[5, 26]"
15614,[25]
15615,[25]
15621,[]
15624,[196]
15625,"[170, 184]"
15626,[26]
15627,[177]
15641,[]
15646,[]
15679,[26]
15686,[]
15687,[]
15690,[]
15696,[]
15712,[5]
15714,[]
15715,[]
15716,[26]
15718,[26]
15719,"[35, 58]"
15720,"[26, 58]"
15729,[]
15734,[30]
15743,[25]
15752,[]
15755,[]
15770,[]
15774,[25]
15776,[50]
15779,[]
15789,"[43, 154]"
15800,[]
15818,[196]
15819,[196]
15820,[]
15821,[]
15824,[8]
15829,[]
15837,[]
15839,[]
15844,[]
15859,[]
15875,[]
15876,[186]
15878,[]
15880,[]
15889,[23]
15892,[]
15901,[]
15928,[22]
15932,[6]
15934,[26]
15936,"[26, 28]"
15952,[]
15961,[]
15969,[22]
15973,[22]
15977,[51]
15978,[173]
15987,[]
15995,[11]
15999,[24]
16002,"[62, 186]"
16012,[]
16021,"[29, 179]"
16025,[24]
16028,"[7, 58]"
16033,[6]
16044,"[26, 49]"
16047,[10]
16054,[24]
16059,[]
16060,[173]
16065,[]
16066,[]
16069,[]
16074,[26]
16075,[26]
16081,[14]
16083,[]
16086,[22]
16087,[]
16095,[25]
16096,[]
16098,[]
16100,[]
16102,[]
16111,[]
16149,[5]
16153,[]
16159,[26]
16160,[26]
16172,[]
16176,[23]
16177,[23]
16178,[26]
16181,[24]
16183,[]
16189,[22]
16190,[]
16196,[]
16201,[]
16202,[]
16203,[]
16204,[]
16213,[26]
16226,[14]
16228,[26]
16238,[]
16241,[]
16247,[]
16262,[]
16264,[]
16267,[]
16268,[79]
16269,[18]
16271,[]
16273,[20]
16277,[]
16279,[71]
16281,"[7, 25]"
16282,[169]
16286,[22]
16287,[]
16290,[]
16295,[]
16311,"[25, 196]"
16315,[50]
16321,[]
16326,[]
16328,[]
16335,[]
16341,[25]
16342,[25]
16346,[]
16350,[]
16352,[]
16355,[26]
16362,[196]
16365,"[31, 59, 185, 197]"
16367,"[184, 197]"
16368,[14]
16372,[]
16387,[]
16389,[]
16390,[]
16404,[24]
16416,[]
16417,[]
16430,[]
16431,[32]
16433,[]
16445,[26]
16448,[]
16452,"[47, 64]"
16453,[]
16459,[]
16468,[]
16470,[]
16471,[]
16473,[26]
16476,[]
16480,[]
16484,[]
16485,[]
16490,[26]
16502,[]
16509,"[43, 169, 170]"
16512,[59]
16522,"[8, 14, 124]"
16526,"[27, 52]"
16531,"[130, 186]"
16547,"[9, 16]"
16553,[]
16555,"[27, 172]"
16560,[]
16568,[52]
16570,"[8, 170]"
16571,[]
16575,[]
16577,[]
16583,[]
16599,[]
16625,[]
16629,"[51, 52]"
16631,[]
16632,[6]
16636,[]
16641,[]
16647,[]
16653,[]
16665,[]
16666,[]
16667,[]
16672,[]
16674,[]
16688,[14]
16705,[58]
16706,[9]
16711,[]
16717,[24]
16721,[]
16729,[]
16731,"[130, 185]"
16732,[]
16733,[]
16734,[14]
16743,[]
16747,[]
16753,[]
16755,[25]
16767,[]
16768,[26]
16771,[]
16772,[]
16789,[43]
16797,[]
16804,[26]
16805,[26]
16806,[]
16809,[24]
16813,[]
16816,[]
16823,[22]
16825,[]
16831,[26]
16832,[26]
16839,[26]
16840,[]
16846,[24]
16854,[]
16856,[43]
16858,[]
16869,[26]
16870,[]
16872,"[14, 185]"
16873,[]
16879,[]
16903,"[8, 26, 185, 188]"
16904,[188]
16920,[]
16929,[]
16933,[18]
16941,[38]
16942,[18]
16944,[]
16948,[44]
16951,[]
16955,[]
16970,[]
16974,[26]
16989,[]
16992,[]
16995,[]
16999,[22]
17002,[26]
17006,[]
17007,[]
17009,[26]
17017,[25]
17018,[25]
17025,[]
17031,[]
17034,[159]
17035,"[14, 43]"
17038,[26]
17046,[25]
17049,"[25, 32]"
17051,"[25, 173]"
17057,[]
17061,[]
17066,[]
17071,[]
17076,[58]
17077,[196]
17079,"[184, 196]"
17080,[196]
17092,[]
17096,[26]
17100,[26]
17102,[]
17111,[]
17116,[26]
17119,[]
17132,[]
17151,[]
17153,[]
17161,[14]
17165,[]
17174,[]
17180,[154]
17181,[]
17183,[]
17189,[]
17192,[]
17200,[163]
17217,[26]
17218,"[26, 170]"
17220,[]
17225,[26]
17229,[]
17231,[24]
17233,[26]
17234,[26]
17238,"[24, 185]"
17246,[]
17248,[67]
17250,[]
17260,[181]
17270,[]
17274,[]
17279,[]
17288,[26]
17291,[]
17293,[]
17298,[72]
17300,"[8, 124, 199]"
17304,[]
17305,[]
17306,[4]
17311,[]
17313,[14]
17315,"[14, 126, 185]"
17318,[]
17325,[]
17328,[]
17334,[]
17336,[]
17337,[]
17346,[]
17347,[]
17354,[10]
17360,[6]
17365,[173]
17374,[]
17375,[]
17376,[4]
17383,[]
17385,[26]
17391,[]
17392,[22]
17393,[]
17401,[22]
17403,[]
17406,[]
17408,[]
17415,[23]
17421,[30]
17430,[]
17437,[]
17439,[]
17442,[173]
17444,[]
17447,[]
17449,[]
17452,[]
17464,[29]
17471,[]
17476,[]
17487,[79]
17488,[]
17489,[]
17490,[]
17493,[179]
17495,[24]
17500,[190]
17502,[26]
17510,[]
17511,[]
17512,[]
17518,[]
17538,[26]
17539,[26]
17546,[131]
17547,[]
17548,[26]
17549,[26]
17550,[]
17555,[]
17559,[]
17572,[]
17581,[]
17583,[22]
17586,[]
17590,[]
17597,[26]
17603,"[8, 14]"
17605,[]
17607,[27]
17609,[22]
17612,[]
17616,[]
17626,[]
17628,[]
17632,[]
17643,[26]
17652,[26]
17664,[57]
17672,[]
17678,[27]
17684,"[20, 27]"
17689,[11]
17693,[43]
17696,[]
17698,"[24, 25]"
17704,[]
17707,[4]
17709,[]
17712,[]
17717,"[26, 174]"
17718,[26]
17719,[]
17732,[]
17747,[26]
17753,[24]
17755,[124]
17763,[]
17764,[]
17766,[]
17771,[26]
17773,[]
17775,[4]
17778,[]
17785,[]
17791,[173]
17817,[]
17829,[]
17830,[]
17832,[]
17835,[26]
17838,[]
17844,[23]
17845,[27]
17846,[]
17854,"[7, 188]"
17856,[]
17857,[]
17858,[]
17870,[26]
17876,[185]
17892,[37]
17894,[]
17896,[]
17897,[]
17904,[]
17913,[26]
17914,[26]
17915,[]
17916,[]
17918,[]
17919,[]
17920,[]
17929,[]
17946,[]
17954,[]
17956,[]
17959,[]
17965,[]
17972,[]
17980,[]
17981,[]
17982,[]
17984,[]
17986,[]
17991,[25]
17996,[26]
18004,"[8, 26]"
18007,[26]
18020,[]
18045,[]
18054,[]
18056,[]
18059,[]
18063,[]
18072,[]
18073,[]
18074,[]
18075,[]
18076,[]
18077,[]
18087,[]
18096,[24]
18098,[25]
18100,"[184, 185]"
18102,[22]
18104,[]
18107,[]
18115,[22]
18116,[26]
18117,[26]
18119,[14]
18129,[]
18150,[]
18151,[]
18159,"[124, 179]"
18162,[14]
18165,[]
18166,[]
18172,[8]
18176,[]
18185,[]
18190,[]
18191,[]
18192,"[26, 27]"
18193,[]
18198,[]
18199,[18]
18202,[]
18203,[22]
18207,[26]
18213,[]
18215,[]
18216,[27]
18222,[25]
18223,[]
18228,[]
18234,[]
18235,[]
18250,[]
18252,[]
18253,[25]
18260,[]
18270,[]
18271,[]
18276,[51]
18284,[]
18287,[]
18288,"[22, 89]"
18310,[]
18312,[18]
18322,[24]
18323,[]
18325,[26]
18335,[]
18338,[]
18348,[]
18350,[]
18352,[24]
18355,[]
18356,[170]
18367,"[4, 43, 124]"
18368,[]
18369,[194]
18371,[]
18374,[]
18391,[]
18410,[]
18411,[]
18414,[]
18419,[]
18421,[]
18425,[]
18426,[173]
18429,[]
18432,[]
18436,[26]
18438,[26]
18441,[22]
18444,[24]
18451,[]
18463,[]
18464,[]
18466,[]
18467,[]
18472,[67]
18481,[6]
18487,[26]
18490,[26]
18498,[]
18499,[]
18511,[26]
18513,"[169, 173]"
18516,[26]
18520,[]
18521,[26]
18534,[178]
18538,"[24, 25]"
18539,[26]
18540,[]
18546,[]
18563,[]
18570,[]
18571,[]
18587,[]
18593,[]
18604,[22]
18608,[]
18614,[]
18615,[26]
18620,[]
18623,[]
18624,[]
18635,[]
18636,[6]
18639,[]
18648,[]
18651,[]
18662,[]
18663,[]
18666,[]
18671,"[18, 20]"
18672,"[18, 53]"
18673,[18]
18682,[190]
18684,[22]
18686,[22]
18690,[]
18693,[]
18704,[]
18707,[]
18708,[26]
18709,[]
18713,[1]
18714,[1]
18719,[26]
18720,[26]
18724,[25]
18728,[11]
18735,[154]
18736,[173]
18738,[26]
18748,[]
18757,"[19, 190]"
18763,[197]
18764,[196]
18765,[]
18775,[14]
18778,[]
18786,[26]
18790,"[26, 124]"
18792,"[26, 185]"
18794,[]
18808,[184]
18809,"[177, 184]"
18815,[]
18816,[]
18817,"[8, 26]"
18844,[]
18846,[]
18849,"[26, 197]"
18851,[154]
18854,[]
18857,[]
18858,[185]
18861,[22]
18863,[]
18864,[]
18867,[]
18871,[]
18874,[22]
18878,[24]
18880,[]
18884,[]
18885,[25]
18888,[29]
18897,[]
18908,[26]
18911,[26]
18919,[]
18925,[]
18930,"[44, 161]"
18931,[]
18933,"[181, 185]"
18934,"[67, 131]"
18938,[]
18963,[]
18966,[52]
18967,[37]
18970,[]
18980,[8]
18982,[]
18983,[37]
18985,[]
18986,[]
18987,[26]
18990,[26]
18998,[186]
19008,[]
19010,[]
19013,[]
19015,[20]
19017,[]
19019,[]
19021,[37]
19023,[]
19028,[]
19031,[]
19035,[]
19040,[26]
19046,[16]
19048,[]
19056,[]
19059,[24]
19068,[26]
19070,[]
19072,[]
19079,[]
19082,[26]
19083,[26]
19092,[]
19108,[]
19118,[]
19123,[]
19124,[]
19125,[]
19126,[]
19127,[]
19128,[]
19130,[22]
19134,[]
19137,[]
19138,[22]
19139,[22]
19144,[]
19146,[9]
19148,[]
19154,[26]
19166,[]
19167,[]
19168,[26]
19170,[26]
19171,"[131, 178]"
19172,[131]
19186,[25]
19187,[25]
19191,[]
19202,[]
19204,[]
19208,[]
19209,[]
19234,[4]
19235,[4]
19236,[]
19244,[]
19247,[]
19257,[]
19264,[28]
19273,"[22, 27]"
19281,[]
19289,[26]
19296,[]
19299,"[32, 46]"
19312,[]
19314,[]
19316,[]
19318,[26]
19328,[]
19331,[38]
19341,[179]
19344,[14]
19346,"[7, 26]"
19349,[]
19350,[]
19351,[5]
19353,[]
19357,[26]
19366,[169]
19367,[169]
19368,[]
19385,[]
19398,[]
19405,[26]
19406,[26]
19408,"[24, 170]"
19411,[]
19425,[]
19427,[]
19434,[]
19436,[5]
19438,[22]
19441,[]
19442,[22]
19459,[19]
19463,[124]
19486,[67]
19487,[27]
19488,[]
19491,[]
19502,[23]
19507,[25]
19530,[25]
19531,[]
19543,[22]
19545,[]
19548,[]
19550,[]
19551,[]
19557,[]
19571,[]
19582,[]
19586,[]
19595,[]
19601,[5]
19613,[159]
19625,[26]
19629,[2]
19631,[185]
19634,[26]
19637,[26]
19638,[28]
19643,[185]
19646,[]
19654,"[27, 34]"
19656,[]
19659,[]
19676,[]
19682,[69]
19683,[25]
19690,[32]
19691,[]
19693,[]
19698,[]
19703,[27]
19704,[]
19706,[]
19712,[18]
19713,[18]
19714,[18]
19719,[]
19720,[]
19726,[]
19728,[5]
19732,[]
19736,[]
19742,[]
19746,"[8, 14]"
19754,"[13, 188]"
19756,[16]
19757,[26]
19762,[]
19766,[]
19775,[]
19777,[]
19780,"[8, 26]"
19781,[]
19787,"[24, 43]"
19796,[]
19809,[]
19814,[]
19821,[6]
19826,[]
19827,[11]
19831,[14]
19840,[]
19841,[]
19844,[14]
19854,[7]
19856,[]
19863,[22]
19864,[]
19865,[]
19870,[11]
19883,[]
19889,[43]
19897,[]
19902,[]
19906,[]
19914,[]
19921,[]
19923,[14]
19930,[]
19937,[]
19941,[]
19943,[]
19944,[6]
19947,[]
19951,[]
19952,[]
19954,[25]
19957,[]
19959,[]
19963,[]
19969,[26]
19970,[]
19971,[]
19980,[]
19991,[26]
19992,[26]
20006,[26]
20007,[]
20019,[]
20026,[]
20027,[]
20029,[]
20030,[]
20031,[]
20032,[6]
20043,[26]
20051,[27]
20057,[]
20059,[26]
20066,[]
20071,[29]
20074,[]
20075,[]
20086,[]
20099,[26]
20101,[79]
20102,[]
20103,[]
20107,[]
20108,[19]
20122,[25]
20123,"[7, 25]"
20124,"[7, 25]"
20125,[25]
20126,[]
20151,[]
20161,[]
20162,[]
20164,[]
20167,[47]
20169,[179]
20170,[]
20171,[]
20175,[]
20176,[]
20178,[22]
20184,[]
20187,[]
20188,[]
20190,[]
20193,[]
20198,[26]
20199,[26]
20200,[]
20214,[]
20227,[14]
20247,[8]
20248,[8]
20259,[8]
20261,[]
20266,[]
20284,[]
20287,[]
20291,[26]
20432,[]
20434,"[6, 43]"
20445,[]
20455,[]
20457,[9]
20466,[26]
20470,[]
20477,[22]
20478,[22]
20485,[]
20486,[]
20489,[]
20495,[]
20499,[]
20500,[]
20501,[24]
20508,[]
20509,[]
20517,[]
20518,[]
20521,[]
20525,"[16, 19]"
20528,[46]
20532,[]
20535,[]
20545,[]
20546,[26]
20547,[26]
20549,[]
20557,[22]
20573,[]
20578,[]
20579,[]
20583,[]
20588,[179]
20599,[26]
20603,"[21, 178, 184]"
20605,"[16, 18]"
20609,[]
20610,[]
20619,[]
20637,[]
20656,[]
20661,[]
20670,[]
20673,[]
20680,[26]
20684,[]
20687,[]
20688,[]
20689,"[27, 49]"
20690,[]
20692,[]
20706,[29]
20707,[]
20710,[89]
20711,[]
20715,"[26, 45, 196]"
20718,[26]
20722,[26]
20728,[]
20733,[]
20736,[4]
20739,[178]
20742,[]
20744,[]
20750,[]
20751,"[12, 29]"
20757,[]
20762,[]
20764,[22]
20767,[6]
20768,[26]
20777,[26]
20781,[26]
20782,[]
20783,[]
20784,[]
20787,[]
20790,[]
20792,[]
20796,[]
20799,[]
20800,[]
20807,[]
20808,"[2, 26]"
20812,[29]
20826,[]
20838,[]
20840,[]
20851,[]
20852,[16]
20855,[]
20857,[18]
20858,[]
20864,[]
20865,[]
20867,[79]
20876,[194]
20878,[]
20886,[]
20888,[26]
20895,[67]
20897,"[169, 173]"
20898,[169]
20900,[185]
20910,[8]
20930,[14]
20938,[]
20940,"[4, 25]"
20945,[]
20946,[]
20949,[]
20967,[]
20969,[30]
20973,[]
20977,[]
20978,[]
20981,[]
20986,[26]
20989,[173]
20999,[]
21002,[]
21003,[70]
21004,[]
21005,[]
21008,[173]
21015,"[18, 37]"
21028,[]
21038,[]
21044,[]
21050,[]
21056,[15]
21073,[]
21076,[]
21078,[]
21086,[]
21092,[]
21096,[]
21104,[197]
21122,[]
21126,[22]
21132,[]
21141,[]
21142,[]
21143,[]
21146,[]
21151,[22]
21154,[26]
21158,[26]
21159,[]
21162,[26]
21163,[26]
21175,[]
21186,[32]
21187,[]
21189,[]
21191,[22]
21197,[5]
21207,[186]
21212,[]
21219,[]
21220,[8]
21221,[]
21228,[185]
21231,[174]
21233,[]
21242,[]
21243,[]
21251,[26]
21252,[]
21260,[]
21262,[]
21263,"[23, 25]"
21273,[]
21274,[]
21281,[26]
21284,[]
21292,[]
21296,[]
21298,[]
21311,[]
21312,[185]
21314,[]
21321,[]
21327,[]
21328,[]
21331,[1]
21333,[]
21341,[5]
21361,[]
21382,[]
21383,[]
21384,[]
21385,[5]
21388,[]
21390,[48]
21391,[26]
21394,[26]
21395,[]
21399,[]
21400,[26]
21407,[26]
21412,[]
21419,"[14, 26]"
21421,"[26, 184, 185]"
21422,[]
21426,[]
21429,[]
21431,"[8, 188]"
21454,[20]
21455,[]
21460,[]
21462,[]
21466,[]
21468,[]
21473,[]
21482,[]
21492,[]
21505,[26]
21513,[]
21514,[]
21521,[]
21530,[]
21537,[28]
21539,[]
21541,[22]
21553,[186]
21564,[]
21566,"[186, 188]"
21567,[]
21573,[]
21576,[26]
21578,[]
21581,[26]
21583,[]
21588,[]
21590,"[26, 173]"
21591,[]
21599,[]
21601,[]
21606,[6]
21607,[6]
21609,[26]
21611,[]
21615,[]
21624,[]
21625,[]
21632,[]
21646,"[9, 177]"
21655,[]
21656,[170]
21660,[]
21668,[]
21669,[]
21673,[]
21683,[]
21684,[]
21688,[24]
21690,[131]
21691,[24]
21694,[24]
21706,[]
21711,[]
21715,[]
21716,[]
21723,[]
21724,[7]
21732,[]
21734,[10]
21736,[11]
21738,[24]
21742,[]
21743,[]
21744,[171]
21745,[]
21748,[131]
21756,"[26, 174]"
21758,[]
21759,[178]
21764,[26]
21765,"[26, 27]"
21772,[27]
21787,[]
21802,[]
21807,[]
21808,[]
21814,[]
21817,[]
21823,[26]
21828,[16]
21837,[]
21847,"[6, 7]"
21856,[]
21857,[26]
21863,[]
21867,[25]
21874,[26]
21885,[23]
21888,[18]
21889,[]
21890,"[18, 22]"
21898,[]
21908,"[16, 18]"
21910,"[22, 27]"
21913,[]
21914,[]
21915,[26]
21920,[170]
21932,[]
21935,[]
21936,[]
21944,[]
21956,[25]
21957,[]
21960,[26]
21961,[26]
21971,[]
21972,[]
21974,[25]
21976,"[24, 25]"
21977,[14]
21979,[]
21983,[]
21987,[]
21988,[]
21989,[]
21996,[]
21999,[]
22006,[16]
22018,[]
22021,[]
22023,[]
22024,[]
22030,[]
22031,[173]
22033,[26]
22036,[]
22047,[]
22048,[]
22049,[]
22053,[22]
22054,[]
22055,[]
22062,[]
22087,[26]
22095,[173]
22102,[190]
22121,[]
22137,[]
22142,[]
22149,[]
22154,[]
22157,[26]
22169,[]
22178,[]
22181,[]
22184,[22]
22189,[]
22194,[]
22201,[]
22202,[170]
22206,[]
22207,[]
22209,[]
22213,[]
22216,[26]
22217,[]
22221,[5]
22232,[]
22233,[]
22236,[]
22241,[]
22247,[]
22250,[]
22260,[]
22261,[]
22263,[]
22273,[]
22279,[22]
22280,[6]
22286,[]
22287,[]
22293,[]
22303,[]
22306,[]
22310,[]
22314,[]
22321,[]
22333,[11]
22341,[]
22343,[]
22346,[]
22347,[]
22353,[]
22357,[19]
22379,[]
22383,[127]
22387,[]
22393,[]
22395,[185]
22396,[27]
22399,[]
22403,[26]
22404,[26]
22406,[196]
22408,[]
22410,[]
22412,[17]
22415,[]
22416,[26]
22423,[]
22425,"[15, 23, 29, 68, 154]"
22451,[]
22462,[26]
22472,[26]
22478,[127]
22481,[]
22483,[]
22484,[22]
22488,[]
22490,[]
22494,[22]
22495,[27]
22511,[26]
22515,[]
22518,[26]
22520,[26]
22523,[]
22531,[]
22545,[]
22546,[]
22547,[]
22552,[]
22559,[]
22572,[]
22576,[]
22581,[]
22595,"[4, 43]"
22606,[]
22623,[]
22625,[]
22626,"[4, 26]"
22627,[4]
22628,[26]
22632,[]
22634,"[24, 169]"
22635,[]
22638,[]
22645,[]
22649,[53]
22658,[]
22667,[]
22672,[]
22673,[]
22677,[26]
22684,[]
22686,[]
22704,[]
22706,[]
22711,[26]
22716,[]
22736,[]
22737,[]
22738,[]
22739,[]
22757,[]
22763,"[18, 173]"
22770,[]
22771,[]
22773,[]
22777,[]
22778,[]
22788,[]
22798,[25]
22800,[]
22801,[8]
22804,[24]
22807,"[16, 170]"
22813,[]
22824,[]
22833,[]
22837,[26]
22838,[]
22844,[]
22848,[]
22857,[]
22860,[]
22872,[]
22875,[]
22897,[]
22898,[]
22906,[]
22914,[14]
22915,"[14, 16, 185]"
22928,[8]
22932,[]
22956,[]
22964,[]
22966,[186]
22972,[]
22978,"[19, 89]"
22986,[26]
22989,[]
22992,[]
22994,[26]
23006,[]
23007,[]
23012,[]
23019,[]
23023,[]
23028,[67]
23036,[]
23038,[]
23039,[]
23043,[]
23045,[26]
23047,[]
23055,[]
23071,[]
23081,[]
23085,[]
23090,[]
23096,"[5, 25]"
23097,[25]
23100,[]
23101,[185]
23107,[24]
23110,[]
23117,[26]
23119,[]
23123,[]
23128,[]
23131,[]
23132,[]
23146,[]
23151,[26]
23152,[26]
23155,[84]
23158,[]
23159,[154]
23162,"[31, 124, 154]"
23166,[]
23167,[]
23175,[26]
23180,[8]
23188,[23]
23191,[26]
23193,[196]
23195,[]
23213,[]
23221,[6]
23223,[22]
23231,[]
23233,"[16, 27, 29]"
23237,"[27, 45, 49]"
23242,[]
23247,[26]
23252,[]
23254,[26]
23266,[]
23269,[]
23277,[]
23287,[]
23289,[]
23295,[]
23296,[]
23298,[177]
23305,[]
23311,[]
23312,[]
23329,[182]
23341,[]
23343,[]
23346,[26]
23347,[6]
23350,[26]
23351,[48]
23354,[]
23356,[]
23358,[]
23362,[26]
23364,[]
23373,[]
23377,[]
23378,[169]
23384,[]
23396,[]
23397,[]
23404,[]
23406,[]
23413,[]
23422,[]
23427,"[26, 173]"
23431,[]
23433,[]
23435,[]
23436,[24]
23453,"[18, 24]"
23454,[]
23458,[]
23459,[]
23465,[18]
23474,[32]
23494,[]
23496,[26]
23505,[]
23511,[]
23520,[26]
23522,[8]
23530,[]
23531,[]
23539,[]
23556,[]
23560,[4]
23561,[]
23569,[]
23572,"[20, 26]"
23580,[26]
23585,[11]
23591,[]
23593,[]
23595,[]
23613,[]
23619,[22]
23621,[]
23625,[]
23627,[]
23628,[]
23644,[]
23648,[]
23652,[4]
23659,"[24, 46]"
23664,[]
23666,[]
23668,[]
23675,[]
23676,[72]
23690,[]
23697,[]
23700,[]
23703,[26]
23706,[8]
23709,[]
23710,[]
23714,[]
23716,[]
23728,[]
23729,[]
23735,[]
23736,[]
23737,[]
23740,[]
23746,[]
23747,[]
23749,[]
23760,[]
23763,[]
23774,[]
23780,[]
23781,[]
23783,[]
23789,[]
23793,[26]
23800,[]
23801,[]
23805,[]
23806,[]
23807,[]
23808,[]
23809,[]
23810,[]
23815,"[13, 52]"
23816,[]
23827,[]
23832,[]
23833,[]
23845,[]
23846,[]
23855,"[89, 154]"
23860,"[16, 19]"
23862,[26]
23880,[]
23885,[]
23887,[26]
23895,[]
23914,[25]
23915,"[5, 25]"
23917,[]
23925,[]
23936,[]
23939,"[25, 49]"
23942,[]
23945,[]
23949,[]
23956,[]
23957,[]
23959,[]
23961,[]
23963,[]
23967,[]
23975,[]
23976,[]
23979,[]
23980,"[26, 34]"
23983,[]
23985,[]
23992,[]
24006,[24]
24009,[]
24011,"[18, 54]"
24019,[]
24026,[]
24029,[26]
24030,[]
24036,[]
24039,[]
24042,[]
24043,[174]
24056,[]
24060,[]
24063,[]
24067,[]
24071,[]
24072,[]
24079,[]
24090,[]
24091,[47]
24092,[]
24095,[27]
24099,[70]
24100,[]
24112,[]
24118,[26]
24120,[]
24132,[26]
24136,[26]
24138,[26]
24143,[]
24145,[]
24149,[]
24156,[]
24159,[]
24164,[26]
24165,[]
24166,[]
24168,[]
24179,[26]
24187,[]
24195,[]
24197,[]
24208,[]
24209,[]
24214,[]
24224,[43]
24234,[26]
24235,[]
24236,[]
24238,[]
24239,[]
24240,[]
24244,[]
24251,"[4, 173]"
24253,[]
24273,[]
24276,[5]
24277,[5]
24289,[]
24305,[25]
24306,[25]
24313,[]
24319,[]
24330,[]
24334,"[79, 171]"
24335,"[26, 28]"
24337,[]
24342,[]
24344,[]
24345,[]
24352,[32]
24358,[26]
24365,[]
24368,[25]
24369,[]
24372,[22]
24377,[43]
24386,[]
24389,[]
24399,[]
24402,[]
24404,[27]
24409,[9]
24413,[]
24418,[]
24421,[]
24423,[55]
24426,[26]
24446,[]
24452,"[26, 43]"
24455,[]
24456,[]
24460,[]
24461,[]
24463,[]
24467,[]
24472,[26]
24474,[]
24496,[8]
24500,[14]
24503,[]
24504,[]
24508,[4]
24509,[4]
24510,[51]
24522,[170]
24524,[44]
24525,[]
24526,[]
24528,[]
24535,[]
24545,[]
24550,[]
24555,[]
24562,[]
24566,[]
24572,[]
24579,[]
24596,[]
24598,[]
24600,[]
24602,[4]
24612,[]
24614,[]
24617,[]
24619,[26]
24637,[]
24649,[]
24650,[]
24655,[]
24656,[]
24660,[]
24664,[]
24669,[]
24677,[26]
24684,[25]
24687,[26]
24693,[]
24701,[]
24702,[]
24708,[]
24711,"[5, 176]"
24715,[]
24718,[154]
24731,[]
24737,[]
24738,[]
24739,[]
24745,[]
24746,[]
24749,[]
24759,[]
24761,[]
24762,[]
24770,[]
24772,[]
24777,[]
24780,[20]
24782,[]
24795,[]
24796,[]
24799,[]
24803,[]
24811,[]
24816,[]
24817,[]
24820,[]
24822,[]
24823,[]
24830,[]
24832,[]
24840,[26]
24843,[]
24853,[]
24855,[]
24857,[]
24859,[]
24861,[26]
24865,[]
24869,[]
24879,[]
24882,[]
24883,[]
24888,[]
24892,[]
24900,[]
24903,[]
24913,[]
24918,[26]
24921,[]
24923,[]
24928,[]
24931,[]
24932,[]
24937,"[18, 186]"
24941,[]
24949,[]
24956,[]
24958,[183]
24959,[183]
24966,[]
24969,[]
24972,[26]
24974,[22]
24979,[]
24981,[]
24983,[]
24987,[]
24988,[]
24989,[]
24990,[22]
24993,[5]
24998,[]
24999,[]
25000,[]
25003,[]
25008,[]
25010,[31]
25014,[]
25023,[]
25025,[]
25029,[]
25038,[]
25043,[]
25045,[]
25048,[]
25050,[]
25056,[]
25058,[]
25062,[26]
25066,[26]
25071,[43]
25075,[]
25078,[]
25081,[]
25090,[]
25091,[]
25092,[]
25096,[]
25101,[]
25108,[]
25109,[22]
25116,[18]
25119,[]
25122,[]
25125,[]
25128,[]
25129,[]
25138,[9]
25143,"[16, 49]"
25151,[]
25152,[]
25153,[]
25164,[27]
25167,[]
25175,[]
25177,[]
25179,[]
25183,[]
25184,[]
25185,[]
25187,"[8, 52]"
25204,[]
25210,[]
25219,[]
25221,[]
25223,[26]
25238,[7]
25243,[]
25254,"[20, 185]"
25257,[26]
25258,[185]
25265,[]
25278,[]
25285,[]
25286,[]
25291,[]
25294,[]
25296,[173]
25297,[]
25305,[]
25307,[]
25308,[]
25313,[26]
25315,[]
25317,[]
25318,[]
25331,[]
25332,[]
25338,[]
25341,[]
25343,[]
25344,[26]
25349,[]
25357,[]
25368,[]
25369,[]
25375,[24]
25377,[]
25385,[]
25386,[18]
25393,[]
25395,[]
25397,[]
25402,[55]
25407,[]
25410,[]
25413,[185]
25419,[]
25426,[]
25429,[22]
25431,[]
25433,[]
25437,[]
25439,[]
25447,[]
25453,[]
25469,[]
25478,[26]
25480,[26]
25481,[26]
25484,"[13, 185]"
25486,[]
25493,[26]
25511,[178]
25517,[]
25533,[]
25548,[]
25550,[]
25554,[]
25555,[18]
25560,[]
25562,[]
25569,[]
25577,[]
25587,[]
25591,[]
25601,[]
25606,[]
25609,[18]
25610,"[16, 18, 27]"
25649,[]
25659,[]
25660,[51]
25662,[]
25663,[]
25664,[43]
25668,[4]
25671,[188]
25673,[186]
25686,[]
25697,[26]
25715,[26]
25721,[]
25728,[26]
25737,[]
25744,[]
25745,[]
25748,[]
25753,[]
25754,[]
25769,[]
25771,[]
25772,[]
25776,[]
25780,[]
25781,[]
25789,[]
25791,[13]
25809,[]
25811,[]
25816,[]
25817,[]
25819,[]
25828,[]
25833,[]
25836,[]
25845,[11]
25851,[]
25854,[]
25855,[]
25857,[18]
25868,[]
25875,[]
25876,[]
25879,[]
25880,[]
25882,[26]
25884,[26]
25888,[154]
25889,[]
25890,[]
25895,[]
25896,[]
25904,[19]
25915,"[18, 22]"
25925,[53]
25935,"[21, 26]"
25938,[]
25939,[]
25951,[]
25955,"[8, 14, 154]"
25959,[]
25970,[26]
25974,[]
25978,[27]
25981,"[26, 27, 181, 185]"
26018,[]
26019,[]
26021,[]
26029,"[45, 49]"
26031,[]
26033,[43]
26034,[]
26037,[26]
26047,[]
26053,[182]
26054,[]
26055,"[13, 26]"
26058,[26]
26060,[]
26061,[]
26063,[]
26065,[]
26066,[]
26073,[5]
26077,[]
26078,[]
26079,[]
26081,[]
26082,[]
26093,[]
26095,[]
26098,[]
26099,[]
26100,[]
26104,[]
26107,[]
26110,[]
26124,[6]
26132,[4]
26133,[4]
26141,[]
26146,[]
26149,"[23, 25]"
26153,[]
26154,[]
26191,[]
26196,[]
26197,[]
26201,[]
26204,[]
26207,[]
26215,[]
26226,[]
26229,[]
26230,[]
26236,[]
26237,[26]
26246,[22]
26250,[]
26252,[22]
26261,[]
26262,[]
26266,[]
26272,[]
26277,[]
26281,[]
26283,[]
26284,[]
26292,[7]
26297,[]
26301,[]
26302,[]
26305,[]
26313,[]
26323,[26]
26336,[]
26343,[185]
26345,[]
26353,[]
26355,[16]
26356,[174]
26360,[]
26366,[]
26368,[]
26377,"[26, 48]"
26379,[]
26381,[]
26384,[]
26390,[26]
26392,[26]
26402,[]
26403,[]
26411,[]
26412,[]
26416,[]
26420,[26]
26425,[]
26429,[]
26435,[22]
26439,"[6, 43]"
26443,[43]
26449,[]
26453,[]
26454,[]
26470,[]
26471,[5]
26476,[]
26477,[]
26478,[]
26480,[]
26485,[]
26488,[9]
26491,[]
26492,[]
26493,[]
26519,[]
26533,[]
26534,[]
26537,[]
26542,[]
26543,[]
26545,[]
26548,[]
26552,[]
26555,[22]
26562,[]
26564,[]
26570,[]
26573,[]
26576,[]
26580,[]
26581,[]
26603,[]
26613,[]
26615,[26]
26626,[]
26629,[]
26631,[]
26632,[]
26637,[23]
26638,[]
26639,[27]
26650,[62]
26660,[]
26661,[]
26664,[]
26675,[26]
26676,[]
26680,[]
26681,[]
26690,[]
26704,[13]
26706,[]
26712,[]
26713,[]
26716,[]
26717,[26]
26733,"[131, 185]"
26735,[]
26744,[]
26747,[]
26749,[]
26757,[]
26764,[]
26767,[]
26769,[]
26782,[]
26783,[]
26785,[]
26788,[]
26796,[51]
26797,[]
26807,"[51, 182]"
26811,[]
26815,[]
26818,[]
26830,[]
26842,[]
26846,[]
26847,"[4, 8, 123]"
26855,[]
26869,[]
26876,[]
26892,[79]
26894,[]
26900,[]
26902,[30]
26907,[]
26910,[]
26915,[]
26920,"[53, 170]"
26922,[]
26923,[]
26924,[25]
26934,[]
26939,[25]
26946,[8]
26954,[]
26957,[]
26963,[18]
26964,[]
26968,[22]
26973,[]
26982,[]
26997,"[18, 32]"
27000,[169]
27001,[173]
27025,[24]
27027,[]
27029,[]
27030,[]
27031,[]
27033,[124]
27037,[]
27038,"[25, 26]"
27041,[26]
27042,[29]
27044,[]
27046,[]
27049,[]
27052,[]
27059,"[4, 130]"
27062,[]
27079,[]
27098,[]
27103,[]
27104,[]
27107,[47]
27125,[16]
27126,[]
27127,[]
27137,[]
27138,[]
27141,[26]
27144,[48]
27145,[]
27146,[]
27152,[]
27169,[]
27176,[]
27178,[26]
27184,[26]
27185,[26]
27191,[]
27204,[26]
27210,[]
27223,[]
27234,[]
27235,[]
27237,[]
27239,[]
27243,[]
27255,[185]
27256,[14]
27269,[]
27271,[]
27276,[]
27284,[]
27292,[]
27307,[9]
27315,"[7, 18, 26]"
27319,[]
27334,[]
27337,"[21, 184]"
27339,[]
27374,[]
27376,[]
27377,[]
27388,[27]
27396,[]
27400,[]
27410,[6]
27417,"[27, 49]"
27431,[]
27432,[]
27443,[]
27452,[]
27454,[]
27458,[26]
27459,[]
27461,[]
27462,[]
27463,[]
27465,[]
27469,[42]
27483,[]
27484,[173]
27485,[]
27499,[]
27507,[16]
27522,[]
27535,[190]
27544,[]
27549,[]
27551,[]
27552,[]
27553,[]
27560,[]
27563,"[25, 26]"
27564,[]
27567,"[14, 16]"
27571,[16]
27574,[]
27575,[]
27578,"[38, 44]"
27583,[]
27584,[18]
27593,[]
27606,[]
27607,[]
27608,[]
27612,"[9, 15]"
27613,[]
27619,[]
27620,[]
27622,[49]
27630,[6]
27632,[]
27636,[]
27641,[16]
27657,[]
27668,[48]
27674,"[16, 18]"
27683,[]
27690,"[26, 79]"
27691,[79]
27698,[]
27699,[]
27716,[]
27722,[]
27733,[]
27738,[]
27749,[]
27753,[]
27758,[]
27766,[197]
27767,[]
27770,[]
27771,[26]
27786,[]
27789,[]
27790,[]
27793,[]
27795,[15]
27796,[]
27797,[]
27803,[]
27804,[]
27812,[]
27818,[]
27819,[]
27820,[]
27821,[]
27828,[]
27829,[]
27834,[]
27837,[26]
27850,[]
27861,[9]
27871,[]
27880,[]
27887,[22]
27889,[24]
27895,[]
27896,[]
27900,[]
27908,[]
27910,[]
27914,[]
27915,[]
27918,[]
27919,[]
27927,[]
27930,[]
27932,[]
27934,"[178, 185]"
27937,[26]
27938,[]
27940,[]
27941,[]
27943,"[24, 70]"
27948,[]
27950,[]
27962,"[120, 185]"
27970,[]
27978,[26]
27981,[]
27986,[]
27988,[]
27993,[]
27997,"[26, 185]"
27999,[]
28008,[]
28014,[]
28015,[]
28021,[]
28022,[]
28028,[]
28036,[4]
28037,[]
28041,[]
28042,[]
28047,"[16, 24]"
28061,[26]
28071,"[10, 22]"
28086,[]
28087,[]
28088,[]
28098,"[4, 188]"
28101,[26]
28108,[]
28109,[14]
28117,[]
28125,[]
28128,[]
28130,[]
28131,[179]
28132,[]
28136,[]
28139,[]
28143,[]
28146,[]
28148,[]
28154,[]
28161,[]
28162,[]
28166,[]
28167,[]
28178,[]
28190,[]
28199,[]
28207,[]
28213,[]
28223,[]
28229,[]
28230,[]
28240,[]
28242,[103]
28243,"[49, 169]"
28246,[]
28247,[]
28251,[43]
28252,[9]
28265,[]
28266,[]
28269,[]
28275,[]
28280,[]
28291,[]
28300,[]
28301,[]
28302,[]
28304,"[24, 56]"
28317,[]
28333,[]
28337,[]
28341,[]
28342,[]
28353,[]
28356,[]
28357,[]
28358,[]
28363,[]
28364,[]
28372,[175]
28386,[]
28387,[170]
28391,[]
28396,[]
28397,[]
28399,[]
28422,[]
28423,[]
28425,[]
28434,[]
28436,[]
28443,"[26, 185]"
28446,[]
28447,[26]
28452,[]
28464,"[57, 89]"
28465,[57]
28468,[26]
28469,[]
28480,[]
28483,"[27, 176]"
28485,[27]
28501,[]
28502,[]
28503,[]
28505,[13]
28521,[]
28527,[]
28534,[]
28539,[]
28547,[]
28560,[]
28568,[]
28570,[]
28577,[]
28590,[]
28591,[]
28602,[]
28604,[]
28607,[51]
28608,[]
28610,[]
28615,[]
28616,[]
28617,"[8, 26]"
28625,[]
28644,[]
28646,[]
28652,[26]
28656,[]
28663,[]
28670,[]
28682,[]
28684,[]
28685,[]
28687,[]
28693,[]
28709,[]
28711,[]
28718,[]
28723,[]
28733,[]
28737,[]
28742,[]
28745,[]
28746,[]
28753,[]
28755,[]
28758,[]
28764,[]
28765,[26]
28774,[]
28775,[]
28778,[]
28779,[]
28792,[]
28793,[185]
28794,[185]
28802,[22]
28803,[]
28809,[]
28810,[]
28812,[]
28833,[]
28837,[]
28840,[]
28857,[]
28864,[]
28868,"[176, 185]"
28871,[67]
28875,[]
28877,[]
28878,[]
28880,[]
28881,[]
28882,[]
28884,[]
28887,[]
28889,[]
28891,[26]
28892,[]
28896,[]
28902,[]
28905,[]
28908,[]
28910,[5]
28911,[173]
28914,[]
28919,[]
28925,[26]
28928,[]
28931,[]
28934,[]
28938,[24]
28942,[]
28943,[]
28947,[]
28950,[]
28951,[]
28955,[]
28962,[46]
28967,[]
28981,"[22, 54, 186]"
28982,"[9, 26]"
28984,[]
28986,[22]
28999,[]
29009,[]
29017,[169]
29024,[]
29025,[]
29035,[]
29039,[]
29040,[]
29043,[]
29047,[]
29051,[23]
29058,[17]
29072,[]
29076,"[8, 26]"
29080,[]
29081,[131]
29083,[]
29092,[26]
29093,[]
29095,[]
29099,[]
29102,[185]
29103,"[26, 49]"
29105,[]
29110,[]
29115,[26]
29119,[26]
29120,[26]
29122,[]
29124,[]
29129,[]
29134,[]
29139,[]
29142,[]
29147,[]
29160,[173]
29165,[]
29166,[]
29169,[28]
29175,[]
29182,[]
29185,[24]
29199,[]
29200,[]
29203,[]
29205,[]
29209,[]
29210,[]
29213,[]
29216,[14]
29227,[4]
29229,[]
29239,[]
29248,[]
29256,[]
29261,[]
29266,[]
29270,[4]
29271,[]
29278,[]
29283,[]
29287,[]
29305,[]
29307,[]
29308,[]
29311,[]
29318,[15]
29324,[]
29333,[]
29348,[26]
29377,[]
29385,[]
29388,[]
29389,[]
29396,[]
29397,[]
29399,[]
29404,[26]
29415,[20]
29417,[47]
29421,[]
29423,[]
29424,[56]
29431,[]
29434,[]
29436,[26]
29452,[]
29455,[]
29458,[]
29482,[]
29492,[]
29500,[]
29501,[]
29503,[27]
29506,[6]
29508,[]
29511,[]
29516,[]
29524,[30]
29528,[]
29531,[]
29533,[26]
29534,[]
29535,[]
29541,[]
29544,[16]
29547,[]
29548,[]
29552,[186]
29556,[]
29560,[]
29564,[]
29566,[]
29569,[]
29570,[]
29575,[]
29581,[]
29582,[26]
29596,[]
29604,[]
29606,[]
29611,[]
29614,[]
29616,[]
29617,[]
29621,[]
29626,[]
29627,"[29, 173]"
29638,[]
29639,[]
29643,[]
29644,[]
29645,[]
29646,[]
29648,[]
29649,[]
29651,[]
29655,[]
29656,[]
29657,[]
29662,[]
29669,[26]
29674,[]
29677,[24]
29681,[]
29688,[]
29692,[]
29693,[]
29702,[]
29706,[]
29717,[]
29725,[]
29726,[]
29727,[]
29729,[]
29753,[]
29754,[35]
29756,[185]
29765,[]
29775,[]
29776,[]
29781,[]
29783,[18]
29785,"[27, 178]"
29787,[27]
29806,[]
29819,[]
29820,[]
29825,[]
29831,[]
29832,[]
29835,[]
29847,[18]
29848,[]
29861,[5]
29869,[]
29870,[]
29871,[]
29875,[]
29886,[]
29890,[]
29894,[26]
29897,[]
29907,[]
29920,[]
29923,[]
29929,[]
29930,[]
29937,[]
29942,[]
29943,[]
29948,[]
29951,[]
29952,[]
29959,[173]
29960,[]
29964,[]
29970,[]
29972,[26]
29973,[]
29990,[]
30011,[]
30014,[]
30030,[]
30031,[26]
30032,[]
30057,[]
30063,[]
30067,[]
30074,[]
30077,[]
30079,[]
30080,[]
30081,[]
30084,[]
30093,[]
30094,[]
30105,[]
30109,[]
30110,[]
30111,[]
30115,[]
30116,[]
30117,[]
30118,[]
30119,[24]
30122,[]
30124,[]
30126,[]
30131,[]
30143,[]
30149,[]
30150,[]
30153,[]
30154,[]
30160,[185]
30162,[]
30164,[]
30171,[]
30179,[]
30194,[26]
30201,[]
30202,[26]
30205,[]
30206,[26]
30211,[]
30216,"[17, 23]"
30221,[26]
30224,[]
30230,[26]
30233,[]
30236,[]
30242,[]
30243,[]
30244,[]
30246,[]
30254,[]
30255,[]
30258,[]
30259,[]
30261,[]
30262,[]
30263,[]
30279,[]
30280,[190]
30282,[]
30292,[13]
30295,[67]
30302,[]
30304,[]
30306,[]
30309,[]
30311,[24]
30317,[]
30327,[]
30329,[]
30331,[]
30332,[]
30336,[]
30339,[]
30353,[]
30357,[26]
30372,[]
30376,[]
30377,[]
30387,[]
30396,[]
30399,[]
30402,[]
30407,[]
30410,[]
30412,[]
30414,[]
30416,[26]
30417,[]
30421,[]
30422,[]
30427,[]
30428,[]
30431,[]
30440,[]
30445,[26]
30456,[]
30457,[]
30473,[]
30478,[18]
30480,[]
30487,[]
30489,[]
30490,[]
30493,[18]
30507,[22]
30523,[]
30526,[]
30528,[179]
30534,[]
